province, city, city_code, aqi, quality, level, pollutions, so2_24h, no2_24h, co_24h, o3_8h_24h, pm10_24h, pm2_5_24h, pubtime
山西省,临汾市,141000,120.0,轻度污染,3,细颗粒物(PM2.5),39.0,54.0,2.2,38.0,115.0,91.0,2021-01-01 00:00:00
山西省,临汾市,141000,128.0,轻度污染,3,细颗粒物(PM2.5),68.0,57.0,2.0,34.0,129.0,97.0,2021-01-02 00:00:00
山西省,临汾市,141000,143.0,轻度污染,3,细颗粒物(PM2.5),51.0,63.0,2.6,34.0,147.0,109.0,2021-01-03 00:00:00
山西省,临汾市,141000,155.0,中度污染,4,细颗粒物(PM2.5),43.0,61.0,2.5,25.0,155.0,118.0,2021-01-04 00:00:00
山西省,临汾市,141000,38.0,优,1,—,13.0,27.0,0.5,66.0,38.0,22.0,2021-01-05 00:00:00
山西省,临汾市,141000,60.0,良,2,颗粒物(PM10),8.0,17.0,0.5,68.0,69.0,17.0,2021-01-06 00:00:00
山西省,临汾市,141000,32.0,优,1,—,10.0,12.0,0.5,64.0,30.0,11.0,2021-01-07 00:00:00
山西省,临汾市,141000,35.0,优,1,—,15.0,24.0,0.6,68.0,35.0,16.0,2021-01-08 00:00:00
山西省,临汾市,141000,45.0,优,1,—,22.0,30.0,0.8,59.0,45.0,24.0,2021-01-09 00:00:00
山西省,临汾市,141000,52.0,良,2,颗粒物(PM10),30.0,35.0,1.4,52.0,54.0,34.0,2021-01-10 00:00:00
山西省,临汾市,141000,129.0,轻度污染,3,颗粒物(PM10),19.0,36.0,0.9,70.0,208.0,47.0,2021-01-11 00:00:00
山西省,临汾市,141000,166.0,中度污染,4,颗粒物(PM10),39.0,56.0,2.1,27.0,281.0,96.0,2021-01-12 00:00:00
山西省,临汾市,141000,500.0,严重污染,6,颗粒物(PM10),31.0,50.0,1.8,34.0,680.0,183.0,2021-01-13 00:00:00
山西省,临汾市,141000,429.0,严重污染,6,颗粒物(PM10),31.0,41.0,1.7,44.0,529.0,145.0,2021-01-14 00:00:00
山西省,临汾市,141000,99.0,良,2,颗粒物(PM10),11.0,21.0,0.8,69.0,148.0,34.0,2021-01-15 00:00:00
山西省,临汾市,141000,56.0,良,2,颗粒物(PM10),11.0,16.0,0.3,73.0,62.0,20.0,2021-01-16 00:00:00
山西省,临汾市,141000,60.0,良,2,颗粒物(PM10),15.0,31.0,0.7,66.0,70.0,26.0,2021-01-17 00:00:00
山西省,临汾市,141000,95.0,良,2,细颗粒物(PM2.5),47.0,60.0,1.7,35.0,121.0,71.0,2021-01-18 00:00:00
山西省,临汾市,141000,95.0,良,2,细颗粒物(PM2.5),61.0,57.0,1.2,57.0,124.0,71.0,2021-01-19 00:00:00
山西省,临汾市,141000,149.0,轻度污染,3,细颗粒物(PM2.5),28.0,61.0,1.4,59.0,143.0,114.0,2021-01-20 00:00:00
山西省,临汾市,141000,222.0,重度污染,5,细颗粒物(PM2.5),50.0,74.0,2.5,52.0,211.0,172.0,2021-01-21 00:00:00
山西省,临汾市,141000,202.0,重度污染,5,细颗粒物(PM2.5),55.0,72.0,2.2,28.0,191.0,152.0,2021-01-22 00:00:00
山西省,临汾市,141000,159.0,中度污染,4,细颗粒物(PM2.5),72.0,64.0,1.7,96.0,154.0,121.0,2021-01-23 00:00:00
山西省,临汾市,141000,178.0,中度污染,4,细颗粒物(PM2.5),34.0,59.0,1.4,62.0,156.0,134.0,2021-01-24 00:00:00
山西省,临汾市,141000,114.0,轻度污染,3,细颗粒物(PM2.5),8.0,26.0,1.1,67.0,100.0,86.0,2021-01-25 00:00:00
山西省,临汾市,141000,79.0,良,2,细颗粒物(PM2.5),15.0,45.0,1.0,62.0,104.0,58.0,2021-01-26 00:00:00
山西省,临汾市,141000,102.0,轻度污染,3,颗粒物(PM10),21.0,40.0,1.1,75.0,154.0,70.0,2021-01-27 00:00:00
山西省,临汾市,141000,139.0,轻度污染,3,颗粒物(PM10),7.0,21.0,0.5,71.0,227.0,51.0,2021-01-28 00:00:00
山西省,临汾市,141000,103.0,轻度污染,3,"颗粒物(PM10),细颗粒物(PM2.5)",31.0,53.0,1.7,47.0,156.0,77.0,2021-01-29 00:00:00
山西省,临汾市,141000,120.0,轻度污染,3,细颗粒物(PM2.5),27.0,54.0,2.1,61.0,144.0,91.0,2021-01-30 00:00:00
山西省,临汾市,141000,113.0,轻度污染,3,细颗粒物(PM2.5),33.0,55.0,1.8,48.0,122.0,85.0,2021-01-31 00:00:00
山西省,临汾市,141000,107.0,轻度污染,3,细颗粒物(PM2.5),25.0,41.0,1.4,75.0,133.0,80.0,2021-02-01 00:00:00
山西省,临汾市,141000,58.0,良,2,颗粒物(PM10),22.0,31.0,0.7,71.0,66.0,33.0,2021-02-02 00:00:00
山西省,临汾市,141000,68.0,良,2,细颗粒物(PM2.5),26.0,38.0,1.0,74.0,82.0,49.0,2021-02-03 00:00:00
山西省,临汾市,141000,80.0,良,2,细颗粒物(PM2.5),27.0,49.0,1.0,55.0,82.0,59.0,2021-02-04 00:00:00
山西省,临汾市,141000,120.0,轻度污染,3,细颗粒物(PM2.5),33.0,52.0,1.6,83.0,132.0,91.0,2021-02-05 00:00:00
山西省,临汾市,141000,129.0,轻度污染,3,细颗粒物(PM2.5),38.0,63.0,2.1,52.0,148.0,98.0,2021-02-06 00:00:00
山西省,临汾市,141000,95.0,良,2,细颗粒物(PM2.5),36.0,49.0,1.3,60.0,101.0,71.0,2021-02-07 00:00:00
山西省,临汾市,141000,97.0,良,2,细颗粒物(PM2.5),27.0,38.0,1.2,93.0,102.0,72.0,2021-02-08 00:00:00
山西省,临汾市,141000,163.0,中度污染,4,细颗粒物(PM2.5),20.0,43.0,1.6,109.0,150.0,124.0,2021-02-09 00:00:00
山西省,临汾市,141000,147.0,轻度污染,3,细颗粒物(PM2.5),38.0,41.0,1.5,113.0,127.0,112.0,2021-02-10 00:00:00
山西省,临汾市,141000,158.0,中度污染,4,细颗粒物(PM2.5),35.0,34.0,1.6,115.0,132.0,120.0,2021-02-11 00:00:00
山西省,临汾市,141000,180.0,中度污染,4,细颗粒物(PM2.5),22.0,28.0,1.6,124.0,143.0,136.0,2021-02-12 00:00:00
山西省,临汾市,141000,148.0,轻度污染,3,细颗粒物(PM2.5),23.0,31.0,2.1,46.0,121.0,113.0,2021-02-13 00:00:00
山西省,临汾市,141000,127.0,轻度污染,3,细颗粒物(PM2.5),6.0,18.0,1.8,76.0,102.0,96.0,2021-02-14 00:00:00
山西省,临汾市,141000,44.0,优,1,—,10.0,12.0,0.7,88.0,28.0,16.0,2021-02-15 00:00:00
山西省,临汾市,141000,65.0,良,2,颗粒物(PM10),11.0,22.0,0.9,78.0,80.0,41.0,2021-02-16 00:00:00
山西省,临汾市,141000,59.0,良,2,颗粒物(PM10),12.0,25.0,0.8,85.0,68.0,33.0,2021-02-17 00:00:00
山西省,临汾市,141000,83.0,良,2,细颗粒物(PM2.5),24.0,41.0,1.5,96.0,82.0,61.0,2021-02-18 00:00:00
山西省,临汾市,141000,93.0,良,2,细颗粒物(PM2.5),20.0,45.0,1.7,101.0,87.0,69.0,2021-02-19 00:00:00
山西省,临汾市,141000,79.0,良,2,细颗粒物(PM2.5),21.0,47.0,1.6,94.0,95.0,58.0,2021-02-20 00:00:00
山西省,临汾市,141000,97.0,良,2,细颗粒物(PM2.5),21.0,51.0,1.5,100.0,110.0,72.0,2021-02-21 00:00:00
山西省,临汾市,141000,85.0,良,2,颗粒物(PM10),29.0,37.0,0.9,92.0,119.0,62.0,2021-02-22 00:00:00
山西省,临汾市,141000,71.0,良,2,颗粒物(PM10),9.0,21.0,0.7,108.0,91.0,49.0,2021-02-23 00:00:00
山西省,临汾市,141000,104.0,轻度污染,3,细颗粒物(PM2.5),24.0,42.0,1.2,45.0,93.0,78.0,2021-02-24 00:00:00
山西省,临汾市,141000,237.0,重度污染,5,细颗粒物(PM2.5),14.0,56.0,3.4,29.0,178.0,187.0,2021-02-25 00:00:00
山西省,临汾市,141000,206.0,重度污染,5,细颗粒物(PM2.5),15.0,37.0,2.8,105.0,160.0,156.0,2021-02-26 00:00:00
山西省,临汾市,141000,125.0,轻度污染,3,细颗粒物(PM2.5),11.0,25.0,1.6,101.0,93.0,95.0,2021-02-27 00:00:00
山西省,临汾市,141000,103.0,轻度污染,3,细颗粒物(PM2.5),7.0,27.0,1.4,53.0,62.0,77.0,2021-02-28 00:00:00
山西省,临汾市,141000,43.0,优,1,—,7.0,23.0,1.0,85.0,31.0,30.0,2021-03-01 00:00:00
山西省,临汾市,141000,53.0,良,2,颗粒物(PM10),11.0,39.0,1.0,98.0,56.0,32.0,2021-03-02 00:00:00
山西省,临汾市,141000,69.0,良,2,细颗粒物(PM2.5),14.0,40.0,1.2,105.0,73.0,50.0,2021-03-03 00:00:00
山西省,临汾市,141000,93.0,良,2,细颗粒物(PM2.5),14.0,49.0,1.3,108.0,94.0,69.0,2021-03-04 00:00:00
山西省,临汾市,141000,100.0,良,2,细颗粒物(PM2.5),13.0,52.0,1.3,85.0,108.0,75.0,2021-03-05 00:00:00
山西省,临汾市,141000,107.0,轻度污染,3,细颗粒物(PM2.5),18.0,38.0,1.2,31.0,83.0,80.0,2021-03-06 00:00:00
山西省,临汾市,141000,99.0,良,2,细颗粒物(PM2.5),14.0,32.0,1.6,91.0,76.0,74.0,2021-03-07 00:00:00
山西省,临汾市,141000,77.0,良,2,细颗粒物(PM2.5),9.0,32.0,1.2,79.0,60.0,56.0,2021-03-08 00:00:00
山西省,临汾市,141000,105.0,轻度污染,3,细颗粒物(PM2.5),14.0,38.0,2.0,86.0,81.0,79.0,2021-03-09 00:00:00
山西省,临汾市,141000,113.0,轻度污染,3,细颗粒物(PM2.5),11.0,39.0,1.7,68.0,87.0,85.0,2021-03-10 00:00:00
山西省,临汾市,141000,137.0,轻度污染,3,细颗粒物(PM2.5),13.0,35.0,1.7,92.0,95.0,104.0,2021-03-11 00:00:00
山西省,临汾市,141000,94.0,良,2,细颗粒物(PM2.5),9.0,37.0,1.3,104.0,72.0,70.0,2021-03-12 00:00:00
山西省,临汾市,141000,105.0,轻度污染,3,细颗粒物(PM2.5),7.0,30.0,1.1,102.0,74.0,79.0,2021-03-13 00:00:00
山西省,临汾市,141000,75.0,良,2,细颗粒物(PM2.5),6.0,25.0,0.9,73.0,56.0,55.0,2021-03-14 00:00:00
山西省,临汾市,141000,118.0,轻度污染,3,细颗粒物(PM2.5),11.0,42.0,1.3,105.0,146.0,89.0,2021-03-15 00:00:00
山西省,临汾市,141000,500.0,严重污染,6,颗粒物(PM10),12.0,30.0,1.1,78.0,1050.0,179.0,2021-03-16 00:00:00
山西省,临汾市,141000,193.0,中度污染,4,颗粒物(PM10),5.0,23.0,0.8,65.0,336.0,78.0,2021-03-17 00:00:00
山西省,临汾市,141000,82.0,良,2,细颗粒物(PM2.5),6.0,23.0,1.1,69.0,93.0,60.0,2021-03-18 00:00:00
山西省,临汾市,141000,84.0,良,2,细颗粒物(PM2.5),5.0,24.0,1.2,56.0,73.0,62.0,2021-03-19 00:00:00
山西省,临汾市,141000,364.0,严重污染,6,颗粒物(PM10),4.0,16.0,0.5,78.0,471.0,99.0,2021-03-20 00:00:00
山西省,临汾市,141000,75.0,良,2,颗粒物(PM10),4.0,14.0,0.3,90.0,99.0,17.0,2021-03-21 00:00:00
山西省,临汾市,141000,70.0,良,2,颗粒物(PM10),18.0,44.0,1.0,104.0,90.0,38.0,2021-03-22 00:00:00
山西省,临汾市,141000,92.0,良,2,细颗粒物(PM2.5),18.0,54.0,1.3,126.0,123.0,68.0,2021-03-23 00:00:00
山西省,临汾市,141000,97.0,良,2,细颗粒物(PM2.5),20.0,49.0,1.4,119.0,124.0,72.0,2021-03-24 00:00:00
山西省,临汾市,141000,94.0,良,2,细颗粒物(PM2.5),10.0,30.0,1.0,149.0,122.0,70.0,2021-03-25 00:00:00
山西省,临汾市,141000,127.0,轻度污染,3,细颗粒物(PM2.5),10.0,39.0,1.7,59.0,103.0,96.0,2021-03-26 00:00:00
山西省,临汾市,141000,147.0,轻度污染,3,细颗粒物(PM2.5),13.0,40.0,1.8,110.0,151.0,112.0,2021-03-27 00:00:00
山西省,临汾市,141000,434.0,严重污染,6,颗粒物(PM10),7.0,37.0,1.0,73.0,534.0,140.0,2021-03-28 00:00:00
山西省,临汾市,141000,166.0,中度污染,4,颗粒物(PM10),12.0,29.0,1.2,99.0,282.0,95.0,2021-03-29 00:00:00
山西省,临汾市,141000,170.0,中度污染,4,颗粒物(PM10),9.0,28.0,0.9,127.0,290.0,87.0,2021-03-30 00:00:00
山西省,临汾市,141000,94.0,良,2,颗粒物(PM10),5.0,22.0,0.7,134.0,138.0,51.0,2021-03-31 00:00:00
山西省,临汾市,141000,74.0,良,2,细颗粒物(PM2.5),13.0,38.0,1.4,83.0,96.0,54.0,2021-04-01 00:00:00
山西省,临汾市,141000,102.0,轻度污染,None,细颗粒物:PM2.5,6.0,28.0,1.2,61.0,70.0,76.0,2021-04-02 00:00:00
山西省,临汾市,141000,70.0,良,None,细颗粒物:PM2.5,10.0,35.0,1.0,61.0,47.0,51.0,2021-04-03 00:00:00
山西省,临汾市,141000,48.0,优,None,—,9.0,27.0,0.8,93.0,40.0,33.0,2021-04-04 00:00:00
山西省,临汾市,141000,56.0,良,2,臭氧8小时,11.0,36.0,0.9,107.0,51.0,34.0,2021-04-05 00:00:00
山西省,临汾市,141000,82.0,良,2,细颗粒物(PM2.5),20.0,38.0,1.0,129.0,75.0,60.0,2021-04-06 00:00:00
山西省,临汾市,141000,112.0,轻度污染,3,细颗粒物(PM2.5),24.0,40.0,1.4,146.0,105.0,84.0,2021-04-07 00:00:00
山西省,临汾市,141000,94.0,良,2,臭氧8小时,13.0,37.0,1.0,152.0,81.0,64.0,2021-04-08 00:00:00
山西省,临汾市,141000,100.0,良,2,细颗粒物(PM2.5),10.0,40.0,0.9,131.0,94.0,75.0,2021-04-09 00:00:00
山西省,临汾市,141000,90.0,良,2,臭氧8小时,7.0,34.0,0.7,148.0,63.0,45.0,2021-04-10 00:00:00
山西省,临汾市,141000,73.0,良,2,臭氧8小时,9.0,35.0,0.8,127.0,63.0,41.0,2021-04-11 00:00:00
山西省,临汾市,141000,79.0,良,2,臭氧8小时,17.0,38.0,1.4,134.0,78.0,53.0,2021-04-12 00:00:00
山西省,临汾市,141000,59.0,良,2,颗粒物(PM10),10.0,31.0,0.8,69.0,67.0,31.0,2021-04-13 00:00:00
山西省,临汾市,141000,58.0,良,2,细颗粒物(PM2.5),12.0,36.0,1.1,104.0,58.0,41.0,2021-04-14 00:00:00
山西省,临汾市,141000,188.0,中度污染,4,颗粒物(PM10),12.0,35.0,1.0,95.0,326.0,96.0,2021-04-15 00:00:00
山西省,临汾市,141000,292.0,重度污染,5,颗粒物(PM10),6.0,27.0,0.8,101.0,414.0,116.0,2021-04-16 00:00:00
山西省,临汾市,141000,55.0,良,2,颗粒物(PM10),9.0,32.0,0.7,95.0,59.0,24.0,2021-04-17 00:00:00
山西省,临汾市,141000,70.0,良,2,臭氧8小时,15.0,40.0,1.1,123.0,80.0,37.0,2021-04-18 00:00:00
山西省,临汾市,141000,92.0,良,2,臭氧8小时,10.0,32.0,0.8,150.0,86.0,39.0,2021-04-19 00:00:00
山西省,临汾市,141000,67.0,良,2,臭氧8小时,4.0,18.0,0.6,120.0,50.0,26.0,2021-04-20 00:00:00
山西省,临汾市,141000,44.0,优,1,—,5.0,22.0,1.0,87.0,25.0,29.0,2021-04-21 00:00:00
山西省,临汾市,141000,87.0,良,2,臭氧8小时,4.0,30.0,0.9,144.0,40.0,41.0,2021-04-22 00:00:00
山西省,临汾市,141000,80.0,良,2,细颗粒物(PM2.5),6.0,24.0,1.0,113.0,61.0,59.0,2021-04-23 00:00:00
山西省,临汾市,141000,63.0,良,2,"细颗粒物(PM2.5),臭氧8小时",6.0,21.0,0.9,115.0,47.0,45.0,2021-04-24 00:00:00
山西省,临汾市,141000,55.0,良,2,细颗粒物(PM2.5),5.0,27.0,0.8,103.0,40.0,39.0,2021-04-25 00:00:00
山西省,临汾市,141000,113.0,轻度污染,3,细颗粒物(PM2.5),9.0,30.0,1.5,111.0,83.0,85.0,2021-04-26 00:00:00
山西省,临汾市,141000,76.0,良,2,颗粒物(PM10),14.0,32.0,1.0,116.0,101.0,46.0,2021-04-27 00:00:00
山西省,临汾市,141000,69.0,良,2,颗粒物(PM10),10.0,29.0,0.6,113.0,87.0,28.0,2021-04-28 00:00:00
山西省,临汾市,141000,89.0,良,2,颗粒物(PM10),16.0,36.0,1.0,107.0,127.0,47.0,2021-04-29 00:00:00
山西省,临汾市,141000,98.0,良,2,颗粒物(PM10),9.0,29.0,0.7,114.0,145.0,43.0,2021-04-30 00:00:00
山西省,临汾市,141000,85.0,良,2,臭氧8小时,13.0,40.0,1.0,142.0,116.0,43.0,2021-05-01 00:00:00
山西省,临汾市,141000,61.0,良,2,臭氧8小时,10.0,22.0,0.9,113.0,61.0,36.0,2021-05-02 00:00:00
山西省,临汾市,141000,82.0,良,2,臭氧8小时,9.0,21.0,1.0,138.0,53.0,47.0,2021-05-03 00:00:00
山西省,临汾市,141000,78.0,良,2,颗粒物(PM10),4.0,20.0,0.4,112.0,106.0,32.0,2021-05-04 00:00:00
山西省,临汾市,141000,82.0,良,2,臭氧8小时,16.0,41.0,1.0,138.0,65.0,28.0,2021-05-05 00:00:00
山西省,临汾市,141000,126.0,轻度污染,3,颗粒物(PM10),10.0,31.0,0.8,119.0,202.0,66.0,2021-05-06 00:00:00
山西省,临汾市,141000,276.0,重度污染,5,颗粒物(PM10),7.0,24.0,0.7,103.0,403.0,122.0,2021-05-07 00:00:00
山西省,临汾市,141000,124.0,轻度污染,3,颗粒物(PM10),18.0,52.0,1.4,177.0,198.0,78.0,2021-05-08 00:00:00
山西省,临汾市,141000,149.0,轻度污染,3,臭氧8小时,18.0,43.0,1.3,213.0,141.0,57.0,2021-05-09 00:00:00
山西省,临汾市,141000,172.0,中度污染,4,臭氧8小时,13.0,27.0,1.2,237.0,130.0,58.0,2021-05-10 00:00:00
山西省,临汾市,141000,130.0,轻度污染,3,臭氧8小时,12.0,29.0,1.0,193.0,75.0,32.0,2021-05-11 00:00:00
山西省,临汾市,141000,146.0,轻度污染,3,臭氧8小时,11.0,33.0,1.2,210.0,75.0,44.0,2021-05-12 00:00:00
山西省,临汾市,141000,118.0,轻度污染,3,臭氧8小时,5.0,18.0,0.9,179.0,70.0,52.0,2021-05-13 00:00:00
山西省,临汾市,141000,62.0,良,2,臭氧8小时,3.0,19.0,0.9,114.0,42.0,34.0,2021-05-14 00:00:00
山西省,临汾市,141000,46.0,优,1,—,4.0,23.0,1.2,46.0,32.0,32.0,2021-05-15 00:00:00
山西省,临汾市,141000,37.0,优,1,—,5.0,24.0,0.7,74.0,25.0,24.0,2021-05-16 00:00:00
山西省,临汾市,141000,80.0,良,2,臭氧8小时,6.0,36.0,1.1,136.0,57.0,46.0,2021-05-17 00:00:00
山西省,临汾市,141000,127.0,轻度污染,3,臭氧8小时,11.0,45.0,1.1,189.0,64.0,46.0,2021-05-18 00:00:00
山西省,临汾市,141000,100.0,良,2,臭氧8小时,8.0,42.0,0.9,160.0,56.0,37.0,2021-05-19 00:00:00
山西省,临汾市,141000,116.0,轻度污染,3,臭氧8小时,15.0,38.0,1.2,177.0,56.0,33.0,2021-05-20 00:00:00
山西省,临汾市,141000,115.0,轻度污染,3,臭氧8小时,12.0,32.0,0.8,176.0,61.0,35.0,2021-05-21 00:00:00
山西省,临汾市,141000,134.0,轻度污染,3,臭氧8小时,8.0,29.0,0.8,197.0,75.0,35.0,2021-05-22 00:00:00
山西省,临汾市,141000,73.0,良,2,颗粒物(PM10),6.0,18.0,0.4,118.0,96.0,39.0,2021-05-23 00:00:00
山西省,临汾市,141000,75.0,良,2,臭氧8小时,13.0,24.0,1.2,130.0,95.0,34.0,2021-05-24 00:00:00
山西省,临汾市,141000,86.0,良,2,颗粒物(PM10),11.0,28.0,0.9,142.0,121.0,37.0,2021-05-25 00:00:00
山西省,临汾市,141000,78.0,良,2,臭氧8小时,10.0,26.0,0.8,133.0,77.0,30.0,2021-05-26 00:00:00
山西省,临汾市,141000,109.0,轻度污染,3,臭氧8小时,13.0,35.0,1.0,169.0,80.0,30.0,2021-05-27 00:00:00
山西省,临汾市,141000,94.0,良,2,颗粒物(PM10),8.0,22.0,0.7,145.0,137.0,52.0,2021-05-28 00:00:00
山西省,临汾市,141000,150.0,轻度污染,3,臭氧8小时,19.0,43.0,1.5,214.0,89.0,42.0,2021-05-29 00:00:00
山西省,临汾市,141000,148.0,轻度污染,3,臭氧8小时,14.0,40.0,1.5,212.0,82.0,40.0,2021-05-30 00:00:00
山西省,临汾市,141000,118.0,轻度污染,3,臭氧8小时,6.0,25.0,1.0,179.0,69.0,39.0,2021-05-31 00:00:00
山西省,临汾市,141000,120.0,轻度污染,3,臭氧8小时,8.0,28.0,1.0,181.0,51.0,33.0,2021-06-01 00:00:00
山西省,临汾市,141000,130.0,轻度污染,3,臭氧8小时,8.0,25.0,1.1,193.0,78.0,45.0,2021-06-02 00:00:00
山西省,临汾市,141000,67.0,良,2,臭氧8小时,6.0,24.0,0.4,120.0,55.0,19.0,2021-06-03 00:00:00
山西省,临汾市,141000,83.0,良,2,臭氧8小时,12.0,38.0,1.0,139.0,48.0,20.0,2021-06-04 00:00:00
山西省,临汾市,141000,123.0,轻度污染,3,臭氧8小时,13.0,41.0,0.8,185.0,48.0,23.0,2021-06-05 00:00:00
山西省,临汾市,141000,164.0,中度污染,4,臭氧8小时,13.0,39.0,0.8,229.0,52.0,25.0,2021-06-06 00:00:00
山西省,临汾市,141000,147.0,轻度污染,3,臭氧8小时,13.0,36.0,1.0,211.0,73.0,39.0,2021-06-07 00:00:00
山西省,临汾市,141000,171.0,中度污染,4,臭氧8小时,12.0,20.0,0.9,236.0,55.0,38.0,2021-06-08 00:00:00
山西省,临汾市,141000,81.0,良,2,臭氧8小时,10.0,26.0,1.1,137.0,58.0,48.0,2021-06-09 00:00:00
山西省,临汾市,141000,100.0,良,2,臭氧8小时,6.0,24.0,0.8,160.0,42.0,37.0,2021-06-10 00:00:00
山西省,临汾市,141000,162.0,中度污染,4,臭氧8小时,14.0,30.0,1.0,227.0,69.0,50.0,2021-06-11 00:00:00
山西省,临汾市,141000,150.0,轻度污染,3,臭氧8小时,6.0,21.0,0.8,215.0,68.0,45.0,2021-06-12 00:00:00
山西省,临汾市,141000,75.0,良,2,臭氧8小时,4.0,18.0,0.8,129.0,39.0,26.0,2021-06-13 00:00:00
山西省,临汾市,141000,49.0,优,1,—,5.0,24.0,1.1,87.0,39.0,34.0,2021-06-14 00:00:00
山西省,临汾市,141000,121.0,轻度污染,3,臭氧8小时,8.0,28.0,1.2,183.0,66.0,56.0,2021-06-15 00:00:00
山西省,临汾市,141000,60.0,良,2,细颗粒物(PM2.5),5.0,34.0,1.3,90.0,50.0,43.0,2021-06-16 00:00:00
山西省,临汾市,141000,40.0,优,1,—,10.0,21.0,1.1,79.0,31.0,27.0,2021-06-17 00:00:00
山西省,临汾市,141000,135.0,轻度污染,3,臭氧8小时,9.0,25.0,1.5,198.0,64.0,55.0,2021-06-18 00:00:00
山西省,临汾市,141000,122.0,轻度污染,3,臭氧8小时,12.0,38.0,1.2,184.0,71.0,50.0,2021-06-19 00:00:00
山西省,临汾市,141000,173.0,中度污染,4,臭氧8小时,13.0,39.0,1.0,238.0,64.0,41.0,2021-06-20 00:00:00
山西省,临汾市,141000,190.0,中度污染,4,臭氧8小时,13.0,35.0,0.9,255.0,57.0,34.0,2021-06-21 00:00:00
山西省,临汾市,141000,184.0,中度污染,4,臭氧8小时,7.0,18.0,0.7,249.0,40.0,32.0,2021-06-22 00:00:00
山西省,临汾市,141000,148.0,轻度污染,None,臭氧8小时,10.0,31.0,0.8,212.0,50.0,33.0,2021-06-23 00:00:00
山西省,临汾市,141000,149.0,轻度污染,3,臭氧8小时,12.0,39.0,1.0,213.0,65.0,43.0,2021-06-24 00:00:00
山西省,临汾市,141000,136.0,轻度污染,3,臭氧8小时,9.0,36.0,1.1,199.0,51.0,39.0,2021-06-25 00:00:00
山西省,临汾市,141000,127.0,轻度污染,3,臭氧8小时,9.0,35.0,1.2,189.0,64.0,49.0,2021-06-26 00:00:00
山西省,临汾市,141000,171.0,中度污染,4,臭氧8小时,9.0,37.0,1.1,236.0,63.0,44.0,2021-06-27 00:00:00
山西省,临汾市,141000,161.0,中度污染,4,臭氧8小时,5.0,21.0,0.8,226.0,52.0,36.0,2021-06-28 00:00:00
山西省,临汾市,141000,123.0,轻度污染,3,臭氧8小时,3.0,15.0,0.8,185.0,34.0,32.0,2021-06-29 00:00:00
山西省,临汾市,141000,105.0,轻度污染,3,臭氧8小时,3.0,21.0,0.8,165.0,48.0,38.0,2021-06-30 00:00:00
山西省,临汾市,141000,86.0,良,2,臭氧8小时,3.0,14.0,0.7,143.0,30.0,19.0,2021-07-01 00:00:00
山西省,临汾市,141000,85.0,良,2,臭氧8小时,4.0,18.0,0.8,142.0,31.0,23.0,2021-07-02 00:00:00
山西省,临汾市,141000,121.0,轻度污染,3,臭氧8小时,4.0,21.0,1.1,183.0,52.0,44.0,2021-07-03 00:00:00
山西省,临汾市,141000,133.0,轻度污染,3,臭氧8小时,5.0,25.0,0.7,196.0,44.0,30.0,2021-07-05 00:00:00
山西省,临汾市,141000,121.0,轻度污染,3,臭氧8小时,5.0,27.0,0.7,183.0,44.0,29.0,2021-07-06 00:00:00
山西省,临汾市,141000,120.0,轻度污染,3,臭氧8小时,7.0,35.0,0.8,182.0,51.0,32.0,2021-07-07 00:00:00
山西省,临汾市,141000,121.0,轻度污染,3,臭氧8小时,3.0,31.0,0.7,183.0,44.0,21.0,2021-07-08 00:00:00
山西省,临汾市,141000,162.0,中度污染,4,臭氧8小时,6.0,31.0,0.6,227.0,47.0,26.0,2021-07-09 00:00:00
山西省,临汾市,141000,129.0,轻度污染,3,臭氧8小时,5.0,26.0,0.6,191.0,46.0,27.0,2021-07-10 00:00:00
山西省,临汾市,141000,31.0,优,1,—,2.0,20.0,0.4,61.0,16.0,11.0,2021-07-11 00:00:00
山西省,临汾市,141000,119.0,轻度污染,3,臭氧8小时,6.0,21.0,0.9,180.0,31.0,24.0,2021-07-12 00:00:00
山西省,临汾市,141000,156.0,中度污染,4,臭氧8小时,6.0,20.0,0.7,221.0,37.0,23.0,2021-07-13 00:00:00
山西省,临汾市,141000,138.0,轻度污染,3,臭氧8小时,6.0,21.0,0.6,201.0,44.0,26.0,2021-07-14 00:00:00
山西省,临汾市,141000,95.0,良,2,臭氧8小时,4.0,20.0,0.5,154.0,42.0,32.0,2021-07-15 00:00:00
山西省,临汾市,141000,135.0,轻度污染,3,臭氧8小时,5.0,16.0,0.7,198.0,45.0,36.0,2021-07-16 00:00:00
山西省,临汾市,141000,109.0,轻度污染,3,臭氧8小时,5.0,19.0,0.7,169.0,37.0,28.0,2021-07-17 00:00:00
山西省,临汾市,141000,46.0,优,1,—,4.0,18.0,0.7,91.0,28.0,25.0,2021-07-18 00:00:00
山西省,临汾市,141000,49.0,优,1,—,3.0,15.0,0.6,97.0,24.0,24.0,2021-07-19 00:00:00
山西省,临汾市,141000,54.0,良,2,臭氧8小时,3.0,12.0,0.6,104.0,26.0,25.0,2021-07-20 00:00:00
山西省,临汾市,141000,55.0,良,2,臭氧8小时,3.0,14.0,0.7,105.0,17.0,16.0,2021-07-21 00:00:00
山西省,临汾市,141000,42.0,优,1,—,3.0,20.0,0.8,83.0,30.0,25.0,2021-07-22 00:00:00
山西省,临汾市,141000,52.0,良,2,臭氧8小时,2.0,18.0,0.6,102.0,24.0,21.0,2021-07-23 00:00:00
山西省,临汾市,141000,70.0,良,2,臭氧8小时,2.0,20.0,0.6,123.0,30.0,23.0,2021-07-24 00:00:00
山西省,临汾市,141000,103.0,轻度污染,3,臭氧8小时,4.0,23.0,0.7,163.0,35.0,26.0,2021-07-25 00:00:00
山西省,临汾市,141000,95.0,良,2,臭氧8小时,6.0,24.0,1.0,153.0,44.0,31.0,2021-07-26 00:00:00
山西省,临汾市,141000,140.0,轻度污染,3,臭氧8小时,9.0,26.0,1.4,203.0,67.0,48.0,2021-07-27 00:00:00
山西省,临汾市,141000,80.0,良,2,臭氧8小时,6.0,31.0,1.1,135.0,48.0,33.0,2021-07-28 00:00:00
山西省,临汾市,141000,123.0,轻度污染,3,臭氧8小时,6.0,26.0,1.0,185.0,44.0,35.0,2021-07-29 00:00:00
山西省,临汾市,141000,169.0,中度污染,4,臭氧8小时,10.0,37.0,1.2,234.0,60.0,38.0,2021-07-30 00:00:00
山西省,临汾市,141000,174.0,中度污染,4,臭氧8小时,9.0,37.0,1.3,239.0,68.0,38.0,2021-07-31 00:00:00
