 aqi, level, so2, no2, co, o3, pm10, pm2_5
31,1,9,13,0.4,62,28,12
148,3,23,31,2.1,46,121,113
88,2,8,18,0.8,117,110,65
49,1,12,13,0.6,62,45,34
106,3,3,19,0.8,166,75,40
82,2,9,21,1,138,53,47
82,2,16,41,1,138,65,28
25,1,9,19,0.6,24,25,15
55,2,7,21,0.5,106,42,19
91,2,3,10,0.5,149,27,14
45,1,5,22,0.5,90,34,16
59,2,14,23,0.9,47,55,42
37,1,5,15,0.5,73,25,12
59,2,9,22,0.8,87,67,34
110,3,3,16,0.6,171,40,21
135,3,9,25,1.5,198,64,55
96,2,10,29,0.9,155,114,68
54,2,2,12,0.4,104,19,5
84,2,2,16,0.6,140,42,24
90,2,7,34,0.7,148,63,45
80,2,3,19,0.5,136,28,11
103,3,24,36,0.8,57,107,77
66,2,2,11,0.7,119,32,17
38,1,17,15,0.5,75,32,18
38,1,6,12,0.4,76,29,12
46,1,5,13,0.5,91,27,10
121,3,8,28,1.2,183,66,56
51,2,4,13,0.4,73,51,22
75,2,3,19,0.3,121,99,27
36,1,6,17,0.5,72,26,12
95,2,36,49,1.3,60,101,71
49,1,20,17,0.6,60,49,30
32,1,10,9,0.5,61,31,22
46,1,3,28,0.5,78,46,19
70,2,37,41,0.9,89,89,44
88,2,6,24,0.6,145,54,26
51,2,21,18,0.6,64,51,29
73,2,4,37,0.8,40,66,53
63,2,15,22,0.8,66,64,45
28,1,8,17,0.7,48,28,16
25,1,7,20,0.7,26,16,9
83,2,9,28,0.8,139,92,50
65,2,7,24,0.6,117,42,24
139,3,4,53,1.3,39,105,106
44,1,13,17,0.7,65,44,26
58,2,22,31,0.7,71,66,33
84,2,4,25,0.5,80,117,35
38,1,5,18,0.6,76,35,17
94,2,3,13,0.7,152,35,20
45,1,15,23,0.9,46,43,31
36,1,10,15,0.7,72,27,20
61,2,4,26,0.4,56,71,19
61,2,5,15,0.7,113,54,32
36,1,6,13,0.5,72,30,12
113,3,11,39,1.7,68,87,85
60,2,7,18,0.6,109,69,33
29,1,8,17,0.8,34,29,18
53,2,13,26,0.8,32,55,36
64,2,15,25,1,39,65,46
50,1,6,17,0.6,100,38,23
31,1,2,18,0.9,61,19,15
62,2,3,23,0.2,114,36,11
94,2,2,21,0.5,152,43,21
39,1,5,13,0.4,78,26,10
59,2,7,15,0.7,110,58,32
49,1,12,13,0.6,62,45,34
48,1,10,20,0.7,66,42,33
125,3,2,18,0.7,187,70,41
45,1,6,15,0.5,89,21,8
64,2,13,23,0.8,103,69,46
86,2,3,14,0.7,143,30,19
99,2,3,14,0.8,158,48,30
85,2,4,18,0.8,142,31,23
29,1,9,13,0.6,58,17,8
93,2,3,13,0.7,151,41,16
44,1,13,17,0.7,65,44,26
32,1,5,19,0.5,64,28,12
106,3,3,30,0.4,90,161,40
70,2,15,40,1.1,123,80,37
54,2,2,15,0.2,81,57,14
32,1,9,24,0.9,10,32,18
53,2,18,22,0.7,61,51,37
34,1,12,17,0.6,68,34,23
102,3,21,40,1.1,75,154,70
28,1,9,21,0.7,44,28,15
40,1,13,11,0.5,79,31,20
26,1,8,18,0.6,47,26,14
77,2,3,28,0.7,132,47,21
65,2,10,29,0.8,98,79,44
95,2,4,20,0.5,154,42,32
44,1,6,17,0.5,87,28,12
95,2,3,24,0.6,154,48,23
46,1,4,18,0.7,91,28,25
59,2,9,22,0.8,87,67,34
100,2,6,24,0.8,160,42,37
51,2,5,16,0.6,84,51,26
52,2,23,22,0.6,86,54,32
37,1,12,19,0.8,63,37,24
78,2,8,34,0.6,133,56,28
70,2,2,20,0.6,123,30,23
93,2,2,16,0.6,151,30,14
77,2,30,21,0.7,80,79,56
61,2,2,12,0.6,113,17,8
87,2,2,15,0.7,144,42,22
57,2,4,21,0.4,63,64,20
78,2,2,39,0.7,54,73,57
33,1,7,15,0.5,65,25,12
26,1,6,13,0.6,37,26,14
24,1,10,14,0.6,48,20,9
68,2,26,38,1,74,82,49
26,1,6,15,0.4,52,25,9
37,1,5,13,0.4,74,24,10
65,2,9,29,0.7,118,52,27
37,1,16,13,0.6,73,33,24
116,3,3,17,0.5,177,43,15
136,3,9,36,1.1,199,51,39
38,1,6,18,0.6,64,38,22
53,2,14,25,0.8,51,56,36
23,1,11,17,0.9,29,17,9
69,2,10,29,0.6,113,87,28
60,2,8,17,0.5,68,69,17
78,2,14,23,0.9,50,68,57
127,3,11,45,1.1,189,64,46
32,1,6,15,0.5,64,31,19
100,2,2,11,0.4,160,25,11
99,2,28,43,1,75,111,74
28,1,4,13,0.6,55,16,7
62,2,7,15,0.6,114,64,33
26,1,12,14,0.6,41,26,17
126,3,2,9,0.3,99,202,68
33,1,6,18,0.6,66,24,14
74,2,13,38,1.4,83,96,54
63,2,3,32,0.4,115,62,32
123,3,3,16,0.8,185,53,32
28,1,12,17,0.8,37,28,16
46,1,12,25,0.9,35,46,28
33,1,5,13,0.5,66,29,13
48,1,6,16,0.5,95,36,17
54,2,16,13,0.7,84,49,38
127,3,6,18,1.8,76,102,96
92,2,18,54,1.3,126,123,68
133,3,5,25,0.7,196,44,30
43,1,5,15,0.5,86,22,9
88,2,3,24,0.3,84,126,22
137,3,13,35,1.7,92,95,104
33,1,6,22,0.7,37,33,17
62,2,2,23,0.7,114,50,33
109,3,13,35,1,169,80,30
38,1,6,18,0.6,64,38,22
49,1,6,20,0.6,97,36,17
45,1,15,23,0.9,46,43,31
55,2,7,15,0.6,106,48,25
51,2,15,24,0.9,47,52,34
54,2,7,18,0.7,72,57,32
36,1,8,19,0.7,30,36,20
59,2,10,20,0.6,99,67,42
63,2,39,42,1,61,75,39
95,2,47,60,1.7,35,121,71
57,2,2,11,0.5,108,17,9
107,3,25,41,1.4,75,133,80
63,2,3,30,0.6,74,72,45
113,3,8,54,1.4,38,109,85
92,2,10,32,0.8,150,86,39
39,1,8,21,0.7,58,39,19
25,1,7,20,0.7,26,16,9
57,2,16,15,0.7,44,52,40
104,3,2,21,0.5,164,73,37
39,1,6,13,0.6,77,20,8
77,2,17,29,0.9,58,79,56
63,2,2,28,1.1,109,75,40
80,2,5,19,0.6,135,40,20
79,2,15,45,1,62,104,58
31,1,6,16,0.5,61,23,12
113,3,9,30,1.5,111,83,85
51,2,8,11,0.6,58,51,16
27,1,7,21,0.6,37,21,11
102,3,2,19,0.4,162,40,17
103,3,31,53,1.7,47,156,77
26,1,10,12,0.6,51,19,12
55,2,10,29,0.6,105,47,20
112,3,24,40,1.4,146,105,84
97,2,3,34,0.8,54,88,72
36,1,5,11,0.4,72,31,13
63,2,26,32,0.7,56,75,41
44,1,5,22,1,87,25,29
95,2,3,10,0.5,154,21,14
89,2,3,14,0.9,146,48,26
49,1,20,17,0.6,60,49,30
31,1,3,19,0.6,62,28,20
149,3,3,21,1,213,91,43
50,1,9,19,0.8,79,50,29
41,1,8,25,0.6,53,41,22
97,2,20,49,1.4,119,124,72
39,1,8,21,0.7,58,39,19
100,2,6,38,1,92,83,75
31,1,6,11,0.4,62,22,8
63,2,8,15,0.7,115,66,40
44,1,14,19,0.8,87,44,28
147,3,38,41,1.5,113,127,112
33,1,6,11,0.4,66,32,16
38,1,6,19,0.6,73,38,21
81,2,5,22,0.5,137,50,21
73,2,9,35,0.8,127,63,41
21,1,6,13,0.7,33,21,10
65,2,2,20,0.4,117,33,18
39,1,6,24,0.6,50,39,24
28,1,7,17,0.7,46,28,15
120,3,39,54,2.2,38,115,91
35,1,5,11,0.4,70,31,13
118,3,4,32,0.6,75,186,54
77,2,17,29,0.9,58,79,56
147,3,13,40,1.8,110,151,112
54,2,3,21,0.4,104,27,9
38,1,7,18,0.4,76,31,13
121,3,4,21,1.1,183,52,44
87,2,27,40,1,72,92,64
100,2,8,42,0.6,159,54,22
29,1,8,16,0.7,57,24,13
85,2,2,11,0.7,141,47,25
25,1,5,14,0.5,30,25,13
42,1,12,23,0.8,27,42,24
30,1,11,21,1,28,30,17
129,3,38,63,2.1,52,148,98
106,3,2,20,0.8,166,55,32
80,2,2,17,0.6,136,59,30
35,1,10,22,0.7,40,33,24
80,2,15,33,1,30,74,59
64,2,2,16,0.5,116,26,11
105,3,7,30,1.1,102,74,79
40,1,6,20,0.5,80,37,15
121,3,5,27,0.7,183,44,29
52,2,2,18,0.6,102,24,21
68,2,6,15,0.6,121,38,22
73,2,34,42,0.8,67,85,53
45,1,14,22,0.9,37,43,31
95,2,32,49,1,73,114,71
30,1,11,24,1,48,30,21
73,2,3,30,0.4,127,55,20
84,2,2,18,1.5,140,68,34
41,1,5,15,0.5,81,24,11
67,2,6,31,0.6,120,73,39
52,2,30,35,1.4,52,54,34
31,1,12,20,0.9,26,31,19
83,2,16,31,0.9,30,83,61
69,2,8,20,0.6,122,32,15
23,1,5,15,0.5,45,22,7
149,3,18,43,1.3,213,141,57
86,2,4,24,0.5,143,79,35
31,1,13,19,0.8,40,31,19
35,1,16,17,0.7,54,35,24
28,1,5,12,0.4,56,18,7
87,2,26,37,1,38,86,64
35,1,12,27,0.8,32,32,24
42,1,6,19,0.6,58,42,27
51,2,2,21,0.9,68,52,28
99,2,11,21,0.8,69,148,34
39,1,6,13,0.6,77,20,8
40,1,6,14,0.6,80,33,20
115,3,12,32,0.8,176,61,35
98,2,9,29,0.7,114,145,43
75,2,16,40,0.6,130,60,26
120,3,27,54,2.1,61,144,91
32,1,6,16,0.7,63,23,12
66,2,2,31,0.3,119,44,12
25,1,5,12,0.4,49,24,7
24,1,11,19,0.7,37,23,12
33,1,6,22,0.7,62,33,18
79,2,21,47,1.6,94,95,58
80,2,3,17,0.8,135,49,30
79,2,17,38,1.4,134,78,53
55,2,3,14,0.7,105,17,16
30,1,10,21,0.8,59,23,12
53,2,8,16,0.7,49,56,32
95,2,32,49,1,73,114,71
31,1,13,19,0.8,40,31,19
64,2,6,21,0.5,116,46,25
63,2,3,13,0.6,115,28,17
33,1,7,15,0.5,65,25,12
39,1,6,13,0.5,77,30,14
48,1,6,28,0.6,85,48,23
96,2,3,16,0.5,70,142,40
19,1,5,14,0.5,38,17,6
72,2,20,28,0.9,81,77,52
70,2,8,18,0.6,124,40,23
78,2,23,31,0.9,72,81,57
44,1,6,11,0.5,88,31,14
45,1,6,22,0.6,89,40,18
83,2,12,38,1,139,48,20
34,1,6,10,0.4,67,23,8
83,2,2,18,0.8,139,54,30
131,3,3,27,0.3,76,212,28
48,1,7,13,0.5,96,31,13
24,1,11,19,0.7,37,23,12
38,1,6,18,0.6,76,23,12
46,1,3,20,0.4,91,23,9
46,1,16,23,0.9,29,46,29
144,3,2,35,1.1,48,101,110
51,2,21,18,0.6,64,51,29
65,2,35,37,0.8,71,80,42
27,1,7,21,0.6,37,21,11
45,1,10,19,0.8,44,43,31
43,1,5,18,0.6,86,38,18
50,1,6,17,0.6,100,38,23
63,2,26,32,0.7,56,75,41
25,1,11,14,0.6,49,14,10
33,1,6,18,0.6,65,32,19
86,2,8,21,0.6,143,48,26
77,2,58,50,1.1,72,104,49
82,2,20,38,1,129,75,60
63,2,6,21,0.9,115,47,45
44,1,6,11,0.5,88,31,14
88,2,2,16,0.4,145,24,9
137,3,2,37,0.9,49,69,104
48,1,5,21,0.5,96,37,17
67,2,4,18,0.6,120,50,26
117,3,2,20,0.9,178,67,31
118,3,6,25,1,179,69,39
82,2,6,23,1.1,69,93,60
31,1,11,23,0.9,19,31,20
65,2,3,35,0.5,117,76,39
58,2,3,10,0.2,97,65,13
31,1,6,16,0.5,61,23,12
35,1,8,18,0.5,65,35,19
65,2,9,29,0.7,118,52,27
30,1,5,20,0.6,60,16,8
27,1,6,16,0.6,53,17,8
76,2,14,32,1,116,101,46
39,1,5,13,0.4,77,26,9
43,1,15,23,0.9,52,43,29
59,2,7,14,0.6,110,37,21
22,1,10,17,0.6,25,21,12
134,3,8,29,0.8,197,75,35
53,2,11,39,1,98,56,32
36,1,6,12,0.4,71,24,9
53,2,4,35,0.6,42,55,21
70,2,37,41,0.9,89,89,44
40,1,13,11,0.5,79,31,20
85,2,3,22,0.6,142,51,26
63,2,4,31,0.9,115,70,42
122,3,4,24,0.5,184,65,18
53,2,3,23,0.4,52,56,17
59,2,14,23,0.9,47,55,42
34,1,10,18,1,11,34,19
90,2,7,40,0.9,121,102,67
70,2,18,44,1,104,90,38
112,3,56,61,1.4,96,141,84
99,2,14,32,1.6,91,76,74
54,2,3,22,0.4,103,57,15
140,3,9,26,1.4,203,67,48
25,1,5,14,0.5,30,25,13
74,2,5,14,0.5,128,44,22
125,3,2,16,0.6,187,39,17
53,2,18,22,0.7,61,51,37
38,1,13,24,1,15,38,26
36,1,10,15,0.7,72,27,20
135,3,2,30,1,89,61,103
65,2,10,29,0.8,98,79,44
123,3,13,41,0.8,185,48,23
29,1,9,23,0.7,38,27,12
111,3,8,43,0.9,115,172,72
37,1,5,24,0.7,74,25,24
85,2,7,30,0.6,142,52,21
56,2,15,22,0.7,80,61,36
54,2,7,18,0.7,72,57,32
62,2,16,22,1,58,62,44
29,1,6,11,0.4,57,18,5
58,2,3,18,0.2,98,66,14
30,1,11,24,1,48,30,21
35,1,14,21,0.8,28,35,20
149,3,2,39,1.1,34,101,114
132,3,2,20,1.4,52,86,100
78,2,14,23,0.9,50,68,57
58,2,3,21,0.3,98,66,16
49,1,3,15,0.6,97,24,24
62,2,8,17,0.7,105,67,44
80,2,6,31,1.1,135,48,33
81,2,3,10,0.4,137,16,7
26,1,13,15,0.7,52,22,15
58,2,6,23,0.6,109,37,18
56,2,10,29,0.6,107,54,19
29,1,9,23,0.7,38,27,12
150,3,19,43,1.5,214,89,42
44,1,14,19,0.8,87,44,28
72,2,8,14,0.7,126,80,47
30,1,6,11,0.4,60,24,10
47,1,6,19,0.6,94,40,22
129,3,5,26,0.6,191,46,27
150,3,6,21,0.8,215,68,45
114,3,8,26,1.1,67,100,86
88,2,8,18,0.8,117,110,65
124,3,18,52,1.4,177,198,78
56,2,15,22,0.7,80,61,36
149,3,12,39,1,213,65,43
45,1,22,30,0.8,59,45,24
53,2,2,20,0.7,103,52,27
118,3,4,49,0.8,60,84,89
121,3,3,31,0.7,183,44,21
125,3,3,37,0.9,59,70,95
100,2,3,37,0.6,160,122,51
37,1,14,24,0.8,33,37,24
27,1,5,16,0.4,53,19,6
26,1,6,15,0.5,51,25,14
62,2,8,17,0.7,105,67,44
68,2,5,47,0.9,32,86,41
47,1,8,14,0.6,86,47,31
59,2,3,14,0.4,82,67,28
98,2,26,36,0.9,61,100,73
55,2,3,13,0.6,105,17,9
79,2,4,34,0.5,117,94,58
24,1,10,14,0.6,48,20,9
90,2,6,20,0.6,147,43,22
101,3,2,31,0.4,161,46,15
59,2,7,15,0.7,110,58,32
25,1,5,17,0.6,50,21,11
27,1,6,16,0.6,53,17,8
58,2,13,29,0.7,101,66,39
94,2,10,30,1,149,122,70
45,1,14,22,0.9,37,43,31
64,2,2,26,0.6,116,59,39
25,1,11,14,0.6,49,14,10
144,3,3,30,0.5,70,237,58
98,2,11,26,0.8,157,128,71
32,1,8,15,0.9,18,32,18
31,1,2,24,0.7,45,31,15
53,2,5,13,0.6,103,30,16
36,1,8,19,0.7,30,36,20
115,3,4,51,1.3,41,93,87
51,2,8,11,0.6,58,51,16
54,2,8,19,0.6,74,58,30
55,2,9,32,0.7,95,59,24
44,1,6,12,0.5,88,29,11
33,1,6,22,0.6,66,33,19
85,2,13,40,1,142,116,43
75,2,13,24,1.2,130,95,34
89,2,33,38,1,62,98,66
127,3,10,39,1.7,59,103,96
58,2,13,29,0.7,101,66,39
96,2,3,18,0.6,155,46,21
87,2,6,40,0.9,73,73,64
63,2,10,20,0.7,109,70,45
32,1,5,13,0.4,63,25,10
71,2,11,27,0.6,125,45,18
38,1,13,27,0.5,66,38,22
50,1,9,19,0.8,79,50,29
42,1,6,19,0.6,58,42,27
38,1,15,21,0.8,48,38,25
55,2,5,14,0.4,105,32,16
62,2,4,45,0.8,64,74,41
140,3,4,35,0.5,106,230,55
53,2,17,28,1,38,56,33
49,1,18,24,0.9,42,49,31
43,1,2,15,0.4,85,14,4
90,2,14,28,0.8,99,129,52
100,2,5,48,0.8,30,149,45
104,3,24,42,1.2,45,93,78
65,2,10,19,0.7,117,60,32
80,2,5,35,1,37,110,53
63,2,6,50,0.7,23,64,29
39,1,5,12,0.5,77,28,13
67,2,13,25,0.9,41,62,48
148,3,14,40,1.5,212,82,40
83,2,9,28,0.8,139,92,50
47,1,8,14,0.6,86,47,31
27,1,5,14,0.5,54,18,6
143,3,51,63,2.6,34,147,109
93,2,20,45,1.7,101,87,69
49,1,13,17,0.9,60,46,34
48,1,13,15,0.5,74,48,30
83,2,3,17,0.2,93,115,39
55,2,5,27,0.8,103,40,39
89,2,16,36,1,107,127,47
63,2,10,20,0.7,109,70,45
89,2,4,34,1.1,40,83,66
28,1,9,21,0.7,44,28,15
68,2,3,28,0.3,96,85,24
72,2,20,28,0.9,81,77,52
80,2,3,19,0.3,92,109,27
28,1,5,22,0.6,51,24,11
64,2,2,12,0.7,116,35,22
138,3,4,26,0.5,201,77,31
119,3,6,21,0.9,180,31,24
59,2,10,20,0.6,99,67,42
66,2,3,32,0.4,109,81,27
30,1,6,12,0.4,60,25,10
64,2,4,36,0.4,116,74,35
86,2,2,17,0.5,143,32,12
98,2,29,41,1,33,108,73
121,3,2,10,0.2,80,192,52
114,3,24,38,0.8,111,177,53
27,1,5,14,0.4,54,26,10
35,1,15,24,0.6,68,35,16
72,2,18,33,1,33,73,52
63,2,5,22,0.6,115,56,27
60,2,3,14,0.8,112,33,22
130,3,2,21,0.6,192,69,36
37,1,16,13,0.6,73,33,24
80,2,6,19,0.5,136,46,22
58,2,7,18,0.5,109,29,13
41,1,5,13,0.4,81,27,13
40,1,6,14,0.6,80,33,20
127,3,13,22,0.5,71,203,46
144,3,3,22,0.6,208,85,32
135,3,5,16,0.7,198,45,36
85,2,3,13,0.9,142,42,27
37,1,5,19,0.5,73,23,11
94,2,5,22,0.7,134,138,51
54,2,6,12,0.5,104,26,11
40,1,10,21,1.1,79,31,27
48,1,7,13,0.5,96,31,13
107,3,4,35,1,79,77,80
87,2,27,40,1,72,92,64
95,2,3,11,0.5,153,22,13
95,2,61,57,1.2,57,124,71
32,1,6,15,0.5,64,31,19
107,3,18,38,1.2,31,83,80
27,1,5,13,0.6,53,14,5
72,2,5,49,0.8,60,93,46
53,2,17,28,1,38,56,33
100,2,8,42,0.9,160,56,37
75,2,8,15,0.7,129,75,46
63,2,3,6,0.3,59,75,10
28,1,5,12,0.5,55,23,7
65,2,10,19,0.7,117,60,32
38,1,17,15,0.5,75,32,18
123,3,6,26,1,185,44,35
112,3,56,61,1.4,96,141,84
94,2,7,23,0.6,152,53,26
32,1,6,24,0.6,30,32,17
28,1,5,10,0.4,56,28,12
75,2,8,15,0.7,129,75,46
44,1,6,22,0.6,39,44,22
48,1,6,28,0.6,85,48,23
123,3,3,15,0.8,185,34,32
76,2,3,27,0.5,131,56,21
25,1,9,19,0.6,24,25,15
45,1,6,15,0.5,89,21,8
87,2,3,14,0.7,144,40,22
48,1,10,17,0.7,77,48,28
71,2,9,21,0.7,108,91,49
96,2,10,29,0.9,155,114,68
34,1,6,12,0.7,67,16,6
118,3,5,18,0.9,179,70,52
55,2,7,15,0.6,106,48,25
49,1,5,24,1.1,87,39,34
113,3,2,15,0.6,174,37,15
32,1,8,25,0.6,38,23,13
89,2,3,13,0.6,146,37,23
146,3,11,33,1.2,210,75,44
55,2,3,21,0.5,106,37,24
92,2,4,40,0.5,149,133,55
44,1,6,22,0.6,39,44,22
38,1,12,16,0.7,62,38,25
32,1,10,12,0.5,64,30,11
26,1,6,13,0.6,37,26,14
55,2,5,32,0.7,55,59,26
46,1,12,25,0.9,35,46,28
28,1,7,17,0.7,46,28,15
113,3,33,55,1.8,48,122,85
55,2,2,18,0.3,106,45,13
28,1,8,17,0.7,48,28,16
26,1,13,15,0.7,52,22,15
72,2,8,14,0.7,126,80,47
51,2,5,16,0.6,84,51,26
32,1,10,16,0.6,61,32,18
29,1,8,16,0.7,57,24,13
51,2,4,27,0.6,53,52,22
60,2,4,42,0.8,65,66,43
73,2,6,18,0.4,118,96,39
67,2,6,24,0.4,120,55,19
46,1,16,23,0.9,29,46,29
99,2,3,14,0.8,158,48,25
107,3,3,20,0.7,167,54,29
51,2,5,19,0.5,101,36,16
127,3,9,35,1.2,189,64,49
60,2,5,34,1.3,90,50,43
86,2,3,25,0.5,143,46,24
56,2,10,29,0.6,107,54,19
85,2,3,17,0.5,141,39,17
62,2,7,15,0.6,114,64,33
42,1,3,20,0.8,83,30,25
83,2,2,34,0.4,139,62,20
83,2,24,41,1.5,96,82,61
29,1,5,11,0.5,56,29,13
86,2,4,43,0.5,82,121,38
44,1,10,12,0.7,88,28,16
29,1,6,10,0.3,57,23,6
59,2,7,14,0.6,110,37,21
139,3,7,21,0.5,71,227,51
105,3,3,21,0.8,165,48,38
72,2,5,22,0.6,126,45,21
59,2,10,31,0.8,69,67,31
32,1,6,15,0.5,63,23,11
89,2,2,18,0.6,146,37,20
54,2,16,13,0.7,84,49,38
33,1,5,14,0.4,66,28,14
61,2,3,18,0.5,113,33,15
35,1,14,24,0.9,21,35,18
142,3,2,17,0.7,206,56,28
80,2,27,49,1,55,82,59
62,2,3,19,0.9,114,42,34
91,2,2,23,0.5,149,36,16
100,2,13,52,1.3,85,108,75
33,1,5,22,0.5,66,26,13
30,1,6,10,0.4,60,22,7
65,2,5,35,0.5,110,80,38
49,1,6,20,0.6,97,36,17
35,1,16,17,0.7,54,35,24
55,2,10,29,0.6,105,47,20
52,2,2,25,0.6,102,48,21
55,2,15,18,0.6,68,60,35
60,2,7,18,0.6,109,69,33
65,2,7,24,0.6,117,42,24
58,2,7,26,0.6,102,65,31
69,2,8,20,0.6,122,32,15
130,3,8,25,1.1,193,78,45
122,3,12,38,1.2,184,71,50
83,2,2,23,0.7,39,54,61
103,3,4,23,0.7,163,35,26
66,2,3,16,0.5,119,31,15
34,1,6,12,0.7,67,16,6
57,2,5,35,0.6,56,63,35
60,2,21,29,0.8,70,70,43
35,1,10,15,0.8,46,35,23
64,2,15,25,1,39,65,46
32,1,10,9,0.5,61,31,22
87,2,4,30,0.9,144,40,41
78,2,23,31,0.9,72,81,57
69,2,2,16,0.4,78,88,29
100,2,10,40,0.9,131,94,75
35,1,8,18,0.5,65,35,19
86,2,11,28,0.9,142,121,37
113,3,3,40,0.5,94,176,53
44,1,12,20,0.6,61,44,27
20,1,5,13,0.5,40,19,7
45,1,10,19,0.8,44,43,31
114,3,3,21,0.3,73,177,37
90,2,14,28,0.8,99,129,52
64,2,5,42,1.1,30,72,46
78,2,2,28,0.4,133,49,15
37,1,5,29,0.7,37,29,19
70,2,2,17,0.5,123,27,11
36,1,6,17,0.5,72,26,12
80,2,6,24,1,113,61,59
62,2,16,22,1,58,62,44
105,3,3,40,1,61,77,79
82,2,3,19,0.6,138,36,23
64,2,13,23,0.8,103,69,46
27,1,6,19,0.5,53,26,12
35,1,6,13,0.4,69,29,11
26,1,8,18,0.6,47,26,14
120,3,7,35,0.8,182,51,32
75,2,25,17,0.6,75,70,55
116,3,15,38,1.2,177,56,33
77,2,5,20,0.6,132,48,24
67,2,13,25,0.9,41,62,48
109,3,5,19,0.7,169,37,28
61,2,6,26,0.6,113,54,26
33,1,6,18,0.6,65,32,19
126,3,10,31,0.8,119,202,66
113,3,70,62,1.5,77,158,85
31,1,6,13,0.5,56,31,14
42,1,14,16,0.5,52,42,27
63,2,9,20,0.6,115,49,29
60,2,15,31,0.7,66,70,26
28,1,5,10,0.4,55,13,4
32,1,6,13,0.5,64,20,6
99,2,28,43,1,75,111,74
58,2,7,26,0.6,102,65,31
61,2,10,22,0.9,113,61,36
65,2,35,37,0.8,71,80,42
125,3,11,25,1.6,101,93,95
26,1,6,14,0.5,47,26,11
97,2,21,51,1.5,100,110,72
128,3,68,57,2,34,129,97
117,3,3,13,0.7,178,36,22
103,3,7,27,1.4,53,62,77
95,2,6,24,1,153,44,31
94,2,8,22,0.7,145,137,52
64,2,7,33,0.7,103,77,40
85,2,29,37,0.9,92,119,62
93,2,14,49,1.3,108,94,69
65,2,11,22,0.9,78,80,41
33,1,6,22,0.7,62,33,18
75,2,2,14,0.3,130,32,8
66,2,30,35,0.8,48,81,46
78,2,10,26,0.8,133,77,30
37,1,3,12,0.5,74,6,4
75,2,25,17,0.6,75,70,55
42,1,3,17,0.6,83,24,13
31,1,2,20,0.4,61,16,11
41,1,8,25,0.6,53,41,22
83,2,16,31,0.9,30,83,61
105,3,14,38,2,86,81,79
62,2,3,27,0.7,54,52,44
26,1,6,15,0.5,51,25,14
104,3,5,52,1.2,34,95,78
44,1,6,14,0.4,87,30,14
86,2,3,18,0.5,143,53,27
75,2,7,24,0.6,130,46,20
23,1,8,11,0.5,46,19,12
54,2,6,20,0.5,104,30,11
98,2,11,26,0.8,157,128,71
82,2,3,12,0.4,138,27,12
48,1,10,17,0.7,77,48,28
48,1,10,20,0.7,66,42,33
38,1,15,21,0.8,48,38,25
32,1,9,24,0.9,10,32,18
33,1,7,13,0.5,66,18,8
22,1,9,15,0.8,28,22,11
60,2,4,30,0.4,106,70,30
114,3,24,38,0.8,111,177,53
138,3,6,21,0.6,201,44,26
23,1,8,11,0.5,46,19,12
56,2,11,16,0.3,73,62,20
46,1,4,23,1.2,46,32,32
42,1,12,23,0.8,27,42,24
49,1,6,19,0.5,98,39,18
81,2,10,26,1.1,137,58,48
84,2,4,31,0.5,140,68,40
53,2,13,26,0.8,32,55,36
22,1,10,17,0.6,25,21,12
38,1,6,19,0.6,73,38,21
127,3,13,22,0.5,71,203,46
54,2,3,12,0.6,104,26,25
30,1,5,24,0.6,39,16,8
57,2,16,15,0.7,44,52,40
97,2,27,38,1.2,93,102,72
106,3,3,23,0.9,166,72,42
58,2,12,36,1.1,104,58,41
70,2,3,20,0.5,123,35,15
82,2,3,18,0.3,138,85,19
53,2,17,17,0.5,60,55,33
43,1,7,23,1,85,31,30
30,1,6,15,0.4,60,25,9
75,2,6,25,0.9,73,56,55
33,1,6,22,0.7,37,33,17
84,2,5,24,1.2,56,73,62
75,2,4,14,0.3,90,99,17
78,2,4,20,0.4,112,106,32
45,1,5,18,0.6,89,19,9
68,2,2,16,0.7,121,59,30
69,2,14,40,1.2,105,73,50
35,1,10,22,0.7,40,33,24
94,2,13,37,1,152,81,64
120,3,33,52,1.6,83,132,91
82,2,6,27,0.7,138,61,30
66,2,30,35,0.8,48,81,46
77,2,9,32,1.2,79,60,56
32,1,6,13,0.5,64,29,13
49,1,13,17,0.9,60,46,34
75,2,4,18,0.8,129,39,26
43,1,15,23,0.9,52,43,29
147,3,13,36,1,211,73,39
27,1,5,16,0.5,53,27,13
120,3,3,15,0.7,181,48,26
56,2,11,36,0.9,107,51,34
120,3,8,28,1,181,51,33
63,2,15,22,0.8,66,64,45
77,2,58,50,1.1,72,104,49
30,1,10,21,0.8,59,23,12
52,2,23,22,0.6,86,54,32
71,2,11,27,0.6,125,45,18
97,2,3,22,0.4,156,43,12
149,3,28,61,1.4,59,143,114
85,2,3,28,0.7,69,120,57
59,2,12,25,0.8,85,68,33
32,1,10,16,0.6,61,32,18
94,2,9,37,1.3,104,72,70
33,1,7,13,0.5,66,18,8
38,1,5,18,0.5,76,37,19
37,1,14,24,0.8,33,37,24
32,1,6,16,0.7,63,23,12
60,2,21,29,0.8,70,70,43
82,2,21,34,1,61,92,60
80,2,6,36,1.1,136,57,46
130,3,12,29,1,193,75,32
52,2,16,22,0.8,53,53,33
113,3,70,62,1.5,77,158,85
35,1,15,20,0.8,42,35,20
56,2,2,21,0.4,107,42,20
118,3,11,42,1.3,105,146,89
44,1,12,20,0.6,61,44,27
44,1,6,12,0.5,88,29,11
51,2,5,13,0.6,101,42,23
25,1,5,15,0.5,50,20,6
63,2,39,42,1,61,75,39
85,2,5,42,0.5,120,119,59
25,1,10,20,0.9,25,21,12
26,1,9,13,0.7,52,24,14
61,2,3,12,0.6,113,40,26
32,1,8,25,0.6,38,23,13
34,1,12,17,0.6,68,34,23
58,2,2,14,0.6,109,35,19
21,1,5,15,0.6,41,19,8
68,2,6,15,0.6,121,38,22
49,1,18,24,0.9,42,49,31
63,2,8,15,0.7,115,66,40
108,3,2,9,0.2,81,165,35
32,1,6,15,0.5,63,23,11
39,1,5,16,0.4,77,27,12
129,3,19,36,0.9,70,208,47
32,1,5,17,0.5,63,29,13
82,2,21,34,1,61,92,60
35,1,12,27,0.8,32,32,24
20,1,9,15,0.7,27,20,10
